,MaritalStatus,Attrition,EmployeeCount,AttrRatio
0,Divorced,33,327,0.10091743119266056
1,Married,84,673,0.12481426448736999
2,Single,120,470,0.2553191489361702
